,name,naverURL,,,,,,,,,,
0,산토리니,https://pcmap.place.naver.com/restaurant/37592131/review/visitor#,,,,,,,,,,
1,북경관,https://pcmap.place.naver.com/restaurant/16484506/review/visitor#,,,,,,,,,,
2,라이라이,https://pcmap.place.naver.com/restaurant/37663312/review/visitor#,,,,,,,,,,
3,쟈스민,https://pcmap.place.naver.com/restaurant/36988941/review/visitor#,,,,,,,,,,
4,"춘천명물닭갈비,막국수",https://pcmap.place.naver.com/restaurant/18205851/review/visitor#,,,,,,,,,,
5,회영루,https://pcmap.place.naver.com/restaurant/15040932/review/visitor#,,,,,,,,,,
6,까치구멍집,https://pcmap.place.naver.com/restaurant/20066367/review/visitor#,,,,,,,,,,
7,뉴가야관광호텔,https://pcmap.place.naver.com/restaurant/11658823/review/visitor#,,,,,,,,,,
8,덕화원,https://pcmap.place.naver.com/restaurant/18076590/review/visitor#,,,,,,,,,,
9,아웃백스테이크하우스 금오점,https://pcmap.place.naver.com/restaurant/11849322/review/visitor#,,,,,,,,,,
10,중화요리 일품,https://pcmap.place.naver.com/restaurant/13477593/review/visitor#,,,,,,,,,,
11,(주)엑스티라이프스타일즈 여주 얌차이나,,,,,,,,,,,
12,메이찬,https://pcmap.place.naver.com/restaurant/20597116/review/visitor#,,,,,,,,,,
13,락궁,https://pcmap.place.naver.com/restaurant/13151040/review/visitor#,,,,,,,,,,
14,팔가,https://pcmap.place.naver.com/restaurant/11626040/review/visitor#,,,,,,,,,,
15,지동관,https://pcmap.place.naver.com/restaurant/11841162/review/visitor#,,,,,,,,,,
16,주)63시티방송회관클럽백리향,,,,,,,,,,,
17,(주)63시티방송회관클럽백리향,,,,,,,,,,,
18,미스차이나,https://pcmap.place.naver.com/restaurant/1086630562/review/visitor#,,,,,,,,,,
19,대륙짬뽕,https://pcmap.place.naver.com/restaurant/238613787/review/visitor#,,,,,,,,,,
20,샹하이문,https://pcmap.place.naver.com/restaurant/31395429/review/visitor#,,,,,,,,,,
21,산동원,https://pcmap.place.naver.com/restaurant/15206970/review/visitor#,,,,,,,,,,
22,오크밸리클럽하우스,https://pcmap.place.naver.com/restaurant/1822668395/review/visitor#,,,,,,,,,,
23,래래반점,https://pcmap.place.naver.com/restaurant/15228654/review/visitor#,,,,,,,,,,
24,중앙동 래래반점,,,,,,,,,,,
25,아웃백스테이크하우스,,,,,,,,,,,
26,연강춘,https://pcmap.place.naver.com/restaurant/15210459/review/visitor#,,,,,,,,,,
27,옛날짜장,,,,,,,,,,,
28,전주샹그릴라컨트리클럽,https://pcmap.place.naver.com/restaurant/13374614/review/visitor#,,,,,,,,,,
29,대유식당,https://pcmap.place.naver.com/restaurant/38615032/review/visitor#,,,,,,,,,,
30,힐하우스,https://pcmap.place.naver.com/restaurant/11556918/review/visitor#,,,,,,,,,,
31,스완레스토랑,https://pcmap.place.naver.com/restaurant/17765694/review/visitor#,,,,,,,,,,
32,아미고,https://pcmap.place.naver.com/restaurant/19396011/review/visitor#,,,,,,,,,,
33,로마광광나이트,,,,,,,,,,,
34,명신반점,https://pcmap.place.naver.com/restaurant/1182973891/review/visitor#,,,,,,,,,,
35,갑천하,https://pcmap.place.naver.com/restaurant/11820389/review/visitor#,,,,,,,,,,
36,청도,,,,,,,,,,,
37,미스터왕,https://pcmap.place.naver.com/restaurant/1224473116/review/visitor#,,,,,,,,,,
38,화원,https://pcmap.place.naver.com/restaurant/12788192/review/visitor#,,,,,,,,,,
39,고려성,https://pcmap.place.naver.com/restaurant/18240900/review/visitor#,,,,,,,,,,
40,베나레스,https://pcmap.place.naver.com/restaurant/20510788/review/visitor#,,,,,,,,,,
41,곰의집,https://pcmap.place.naver.com/restaurant/91096679/review/visitor#,,,,,,,,,,
42,새골목집,https://pcmap.place.naver.com/restaurant/1020539163/review/visitor#,,,,,,,,,,
43,쿠아타이,https://pcmap.place.naver.com/restaurant/1916378805/review/visitor#,,,,,,,,,,
44,티원(T-Won),https://pcmap.place.naver.com/restaurant/11711429/review/visitor#,,,,,,,,,,
45,니시키,https://pcmap.place.naver.com/restaurant/1294321261/review/visitor#,,,,,,,,,,
46,판쵸스,https://pcmap.place.naver.com/restaurant/1613323713/review/visitor#,,,,,,,,,,
47,취룡,https://pcmap.place.naver.com/restaurant/19866377/review/visitor#,,,,,,,,,,
48,르어 이촌점,,,,,,,,,,,
49,(주)테크데이타 원효로지점 포이삽사,,,,,,,,,,,
50,경풍루,,,,,,,,,,,
51,빌라소르티노,,,,,,,,,,,
52,아그라,,,,,,,,,,,
53,웨스턴차이나,https://pcmap.place.naver.com/restaurant/19867372/review/visitor#,,,,,,,,,,
54,두바이,https://pcmap.place.naver.com/restaurant/19867570/review/visitor#,,,,,,,,,,
55,와즈완,https://pcmap.place.naver.com/restaurant/18326509/review/visitor#,,,,,,,,,,
56,마오,https://pcmap.place.naver.com/restaurant/18176484/review/visitor#,,,,,,,,,,
57,마이차이나,https://pcmap.place.naver.com/restaurant/442133627/review/visitor#,,,,,,,,,,
58,베를린,https://pcmap.place.naver.com/restaurant/38549799/review/visitor#,,,,,,,,,,
59,모글인테내셔날(파키스탄),,,,,,,,,,,
60,이탈리아노(이태리식),,,,,,,,,,,
61,세종식당(한국전통식),,,,,,,,,,,
62,남해숫불갈비(한국전통식),,,,,,,,,,,
63,파타야,https://pcmap.place.naver.com/restaurant/13157997/review/visitor#,,,,,,,,,,
64,챠크라,https://pcmap.place.naver.com/restaurant/11842923/review/visitor#,,,,,,,,,,
65,(주) 타이가든,,,,,,,,,,,
66,메르하바,https://pcmap.place.naver.com/restaurant/1595577997/review/visitor#,,,,,,,,,,
67,북경,https://pcmap.place.naver.com/restaurant/33704700/review/visitor#,,,,,,,,,,
68,현경한남점,,,,,,,,,,,
69,알리바바,https://pcmap.place.naver.com/restaurant/1271949175/review/visitor#,,,,,,,,,,
70,파챠이,https://pcmap.place.naver.com/restaurant/19877432/review/visitor#,,,,,,,,,,
71,사이공그릴,,,,,,,,,,,
72,사쿠라,https://pcmap.place.naver.com/restaurant/1738566808/review/visitor#,,,,,,,,,,
73,마이타이,https://pcmap.place.naver.com/restaurant/1885750246/review/visitor#,,,,,,,,,,
74,쉐프마일리오스트리아,,,,,,,,,,,
75,타지펠리스,https://pcmap.place.naver.com/restaurant/19546004/review/visitor#,,,,,,,,,,
76,솔티노,,,,,,,,,,,
77,비냐,https://pcmap.place.naver.com/restaurant/1811132491/review/visitor#,,,,,,,,,,
78,카레타운,https://pcmap.place.naver.com/restaurant/1304355062/review/visitor#,,,,,,,,,,
79,만리장성,https://pcmap.place.naver.com/restaurant/32049541/review/visitor#,,,,,,,,,,
80,한국아미고스(주),,,,,,,,,,,
81,오샬,https://pcmap.place.naver.com/restaurant/13508231/review/visitor#,,,,,,,,,,
82,싸루(SARU)인도&네팔푸드레스토랑,,,,,,,,,,,
83,푸드카페앤그릴,,,,,,,,,,,
84,고매식,https://pcmap.place.naver.com/restaurant/1730220732/review/visitor#,,,,,,,,,,
85,올라마리오,,,,,,,,,,,
86,인디아,https://pcmap.place.naver.com/restaurant/37420517/review/visitor#,,,,,,,,,,
87,꼬메돌,https://pcmap.place.naver.com/restaurant/35395171/review/visitor#,,,,,,,,,,
88,마러커쉬나이트,https://pcmap.place.naver.com/restaurant/11893060/review/visitor#,,,,,,,,,,
89,가사안토니오,,,,,,,,,,,
90,댈리달발,https://pcmap.place.naver.com/restaurant/37868216/review/visitor#,,,,,,,,,,
91,왕타이,https://pcmap.place.naver.com/restaurant/35424911/review/visitor#,,,,,,,,,,
92,파파스 차이나,https://pcmap.place.naver.com/restaurant/37853695/review/visitor#,,,,,,,,,,
93,(주)푸드베네치아하남점,,,,,,,,,,,
94,동천홍,,,,,,,,,,,
95,청해루,https://pcmap.place.naver.com/restaurant/1133130515/review/visitor#,,,,,,,,,,
96,만다린,https://pcmap.place.naver.com/restaurant/32096312/review/visitor#,,,,,,,,,,
97,천년의 정원,https://pcmap.place.naver.com/restaurant/18677984/review/visitor#,,,,,,,,,,
98,동방명주,https://pcmap.place.naver.com/restaurant/1667151941/review/visitor#,,,,,,,,,,
99,천안문,https://pcmap.place.naver.com/restaurant/1835680913/review/visitor#,,,,,,,,,,
100,오후청,https://pcmap.place.naver.com/restaurant/1785786794/review/visitor#,,,,,,,,,,
101,차이나공,https://pcmap.place.naver.com/restaurant/35032725/review/visitor#,,,,,,,,,,
102,영일만회천국,,,,,,,,,,,
103,젠클럽레스토랑,,,,,,,,,,,
104,폴라리스,https://pcmap.place.naver.com/restaurant/31192573/review/visitor#,,,,,,,,,,
105,오케이테마타운,,,,,,,,,,,
106,아웃백스테이크하우스,,,,,,,,,,,
107,천객가,https://pcmap.place.naver.com/restaurant/37638552/review/visitor#,,,,,,,,,,
108,삼국지,https://pcmap.place.naver.com/restaurant/1900851741/review/visitor#,,,,,,,,,,
109,바이젠하우스,,,,,,,,,,,
110,블루문,https://pcmap.place.naver.com/restaurant/181032555/review/visitor#,,,,,,,,,,
111,친친 이탈리아노,,,,,,,,,,,
112,샤바바,https://pcmap.place.naver.com/restaurant/1652292308/review/visitor#,,,,,,,,,,
113,그랑삐아또,,,,,,,,,,,
114,데.바수스,,,,,,,,,,,
115,대명가옥 만나,,,,,,,,,,,
116,베니건스,,,,,,,,,,,
117,샤오차이나(둔산점),,,,,,,,,,,
118,인디,https://pcmap.place.naver.com/restaurant/1018268184/review/visitor#,,,,,,,,,,
119,서태후,https://pcmap.place.naver.com/restaurant/1236348034/review/visitor#,,,,,,,,,,
120,사학스카이라운지,,,,,,,,,,,
121,미스터왕,https://pcmap.place.naver.com/restaurant/1224473116/review/visitor#,,,,,,,,,,
122,케니지레스토랑,https://pcmap.place.naver.com/restaurant/13572484/review/visitor#,,,,,,,,,,
123,시애틀,https://pcmap.place.naver.com/restaurant/36286070/review/visitor#,,,,,,,,,,
124,태원,https://pcmap.place.naver.com/restaurant/1991516777/review/visitor#,,,,,,,,,,
125,르씨엘,https://pcmap.place.naver.com/restaurant/1247670562/review/visitor#,,,,,,,,,,
126,캐슬,https://pcmap.place.naver.com/restaurant/35394960/review/visitor#,,,,,,,,,,
127,비아로마,https://pcmap.place.naver.com/restaurant/1864346539/review/visitor#,,,,,,,,,,
128,오너스클럽,https://pcmap.place.naver.com/restaurant/1384319970/review/visitor#,,,,,,,,,,
129,홍콩객잔,https://pcmap.place.naver.com/restaurant/1161322233/review/visitor#,,,,,,,,,,
130,봉선루,https://pcmap.place.naver.com/restaurant/1097157743/review/visitor#,,,,,,,,,,
131,장금성,https://pcmap.place.naver.com/restaurant/15272567/review/visitor#,,,,,,,,,,
132,한솔오크밸리사우스콘도중식당,,,,,,,,,,,
133,타이하우스,https://pcmap.place.naver.com/restaurant/13440637/review/visitor#,,,,,,,,,,
134,상하이손짜장,https://pcmap.place.naver.com/restaurant/31138861/review/visitor#,,,,,,,,,,
135,짬뽕대장,https://pcmap.place.naver.com/restaurant/1204481944/review/visitor#,,,,,,,,,,
136,아차해,,,,,,,,,,,
137,우리소,https://pcmap.place.naver.com/restaurant/18940066/review/visitor#,,,,,,,,,,
138,라쿠치나(이태리식),,,,,,,,,,,
139,씨제이푸드(주) 에프터더레인 안국점 (정진구),,,,,,,,,,,
140,안나푸르나(Anna Purna),https://pcmap.place.naver.com/restaurant/11836076/review/visitor#,,,,,,,,,,
141,롸이즈온(주)베니건스이대점,,,,,,,,,,,
142,(주)아모제마르쉐신촌점,,,,,,,,,,,
143,고구려짬뽕,https://pcmap.place.naver.com/restaurant/37420238/review/visitor#,,,,,,,,,,
144,중원해물모듬짬뽕,https://pcmap.place.naver.com/restaurant/36754530/review/visitor#,,,,,,,,,,
145,백제령삼계탕,https://pcmap.place.naver.com/restaurant/11817021/review/visitor#,,,,,,,,,,
146,아웃백 중앙점,https://pcmap.place.naver.com/restaurant/11849359/review/visitor#,,,,,,,,,,
147,대진루,https://pcmap.place.naver.com/restaurant/15133772/review/visitor#,,,,,,,,,,
148,유로파크,https://pcmap.place.naver.com/restaurant/90989498/review/visitor#,,,,,,,,,,
149,푸와대동점,https://pcmap.place.naver.com/restaurant/1265989696/review/visitor#,,,,,,,,,,
150,블루핀,https://pcmap.place.naver.com/restaurant/1089578797/review/visitor#,,,,,,,,,,
151,카르본&컬투,,,,,,,,,,,
152,양자강,,,,,,,,,,,
153,금룡,https://pcmap.place.naver.com/restaurant/11716004/review/visitor#,,,,,,,,,,
154,참수타,https://pcmap.place.naver.com/restaurant/34585231/review/visitor#,,,,,,,,,,
155,천안문쌀짜장,https://pcmap.place.naver.com/restaurant/15366999/review/visitor#,,,,,,,,,,
156,푸름각,https://pcmap.place.naver.com/restaurant/15372742/review/visitor#,,,,,,,,,,
157,호호손짜장,https://pcmap.place.naver.com/restaurant/15172989/review/visitor#,,,,,,,,,,
158,푸와차이나,https://pcmap.place.naver.com/restaurant/315014434/review/visitor#,,,,,,,,,,
159,용봉,,,,,,,,,,,
160,1985금화중식당,,,,,,,,,,,
161,수금재,https://pcmap.place.naver.com/restaurant/37921657/review/visitor#,,,,,,,,,,
162,성산명가,https://pcmap.place.naver.com/restaurant/12985031/review/visitor#,,,,,,,,,,
163,하트인세코,https://pcmap.place.naver.com/restaurant/21423705/review/visitor#,,,,,,,,,,
164,삼합짬뽕,https://pcmap.place.naver.com/restaurant/37204671/review/visitor#,,,,,,,,,,
165,어주,https://pcmap.place.naver.com/restaurant/18300550/review/visitor#,,,,,,,,,,
166,청화관,https://pcmap.place.naver.com/restaurant/15180846/review/visitor#,,,,,,,,,,
167,중국관,https://pcmap.place.naver.com/restaurant/19179043/review/visitor#,,,,,,,,,,
168,장독짜장,https://pcmap.place.naver.com/restaurant/38765810/review/visitor#,,,,,,,,,,
169,박리다매,https://pcmap.place.naver.com/restaurant/1012665933/review/visitor#,,,,,,,,,,
170,오발탄,,,,,,,,,,,
171,푸와 중국관,https://pcmap.place.naver.com/restaurant/15202384/review/visitor#,,,,,,,,,,
172,대복성,https://pcmap.place.naver.com/restaurant/16700463/review/visitor#,,,,,,,,,,
173,칭따오 황제쟁반짜장,https://pcmap.place.naver.com/restaurant/15193517/review/visitor#,,,,,,,,,,
174,이화원,https://pcmap.place.naver.com/restaurant/1582844043/review/visitor#,,,,,,,,,,
175,마차이짬뽕,,,,,,,,,,,
176,금화중식당,https://pcmap.place.naver.com/restaurant/1104572711/review/visitor#,,,,,,,,,,
177,하늘땅 석동본점,,,,,,,,,,,
178,하림중화요리,https://pcmap.place.naver.com/restaurant/32102613/review/visitor#,,,,,,,,,,
179,키스(Kiss)나이트클럽,,,,,,,,,,,
180,에코라운지,https://pcmap.place.naver.com/restaurant/1079321989/review/visitor#,,,,,,,,,,
181,수국정,https://pcmap.place.naver.com/restaurant/1732267591/review/visitor#,,,,,,,,,,
182,타오(중국식),,,,,,,,,,,
183,도원(중국식),,,,,,,,,,,
184,상하이궁신도림점(중국식),,,,,,,,,,,
185,얌차이나(구로) 중국식,,,,,,,,,,,
186,소용궁(중국식),,,,,,,,,,,
187,죽림(중국식),,,,,,,,,,,
188,디큐브한식저잣거리,,,,,,,,,,,
189,신락원 제라-1-1565호,,,,,,,,,,,
190,비나레스토랑   제라1-1112(인도식,,,,,,,,,,,
191,영화장    제라1-1066,,,,,,,,,,,
192,공자식탁     제라1-1010 (중국식,,,,,,,,,,,
193,도원 제라1-1541호,,,,,,,,,,,
194,복가주점 제라-1-1555호,,,,,,,,,,,
195,실크로드(중국식),,,,,,,,,,,
196,왕중왕미식성(중국식),,,,,,,,,,,
197,일폰테,,,,,,,,,,,
198,블루오션,https://pcmap.place.naver.com/restaurant/16522628/review/visitor#,,,,,,,,,,
199,신차이나,https://pcmap.place.naver.com/restaurant/1123448617/review/visitor#,,,,,,,,,,
200,천안문1호점,https://pcmap.place.naver.com/restaurant/1658847738/review/visitor#,,,,,,,,,,
201,천안문옛날짜장,https://pcmap.place.naver.com/restaurant/1047704541/review/visitor#,,,,,,,,,,
202,명품,https://pcmap.place.naver.com/restaurant/31813085/review/visitor#,,,,,,,,,,
203,(주)오르세움 민티엔,,,,,,,,,,,
204,육미대가,https://pcmap.place.naver.com/restaurant/1895623966/review/visitor#,,,,,,,,,,
205,이금당,https://pcmap.place.naver.com/restaurant/1385870190/review/visitor#,,,,,,,,,,
206,하림성,https://pcmap.place.naver.com/restaurant/1820861671/review/visitor#,,,,,,,,,,
207,타오,https://pcmap.place.naver.com/restaurant/17878339/review/visitor#,,,,,,,,,,
208,(주)바른손 베니건스 압구정점,,,,,,,,,,,
209,젠하이더웨이,,,,,,,,,,,
210,중화요리첸,https://pcmap.place.naver.com/restaurant/13275659/review/visitor#,,,,,,,,,,
211,티엔티엔,https://pcmap.place.naver.com/restaurant/35408170/review/visitor#,,,,,,,,,,
212,폴,https://pcmap.place.naver.com/restaurant/1472277679/review/visitor#,,,,,,,,,,
213,(주)가배전문점,,,,,,,,,,,
214,(주)파리크라상 퀸스파크 청담점,,,,,,,,,,,
215,78온더라이즈,,,,,,,,,,,
216,그릴아지사이,https://pcmap.place.naver.com/restaurant/13513665/review/visitor#,,,,,,,,,,
217,란나타이(양재점),,,,,,,,,,,
218,첸,https://pcmap.place.naver.com/restaurant/1754370180/review/visitor#,,,,,,,,,,
219,팔장선원,,,,,,,,,,,
220,(주)이닝,https://pcmap.place.naver.com/restaurant/11711159/review/visitor#,,,,,,,,,,
221,도쿄 사이카보,https://pcmap.place.naver.com/restaurant/13272850/review/visitor#,,,,,,,,,,
222,드마리,https://pcmap.place.naver.com/restaurant/1235533587/review/visitor#,,,,,,,,,,
223,크리스탈제이드상하이딜라이트,,,,,,,,,,,
224,키라,https://pcmap.place.naver.com/restaurant/1087776029/review/visitor#,,,,,,,,,,
225,대가방본점,https://pcmap.place.naver.com/restaurant/11839623/review/visitor#,,,,,,,,,,
226,일일향,,,,,,,,,,,
227,(주)토마틸로지에프씨,,,,,,,,,,,
228,(주)일본요리점 청산,,,,,,,,,,,
229,그라노,https://pcmap.place.naver.com/restaurant/1111148375/review/visitor#,,,,,,,,,,
230,공리(논현점),https://pcmap.place.naver.com/restaurant/360881123/review/visitor#,,,,,,,,,,
231,띵호아,https://pcmap.place.naver.com/restaurant/17927885/review/visitor#,,,,,,,,,,
232,나베야,https://pcmap.place.naver.com/restaurant/1887959166/review/visitor#,,,,,,,,,,
233,더차이나,https://pcmap.place.naver.com/restaurant/13094719/review/visitor#,,,,,,,,,,
234,도일처(정찬우),,,,,,,,,,,
235,레스토랑 호카이도,,,,,,,,,,,
236,일품향(이미영),,,,,,,,,,,
237,차이웍,https://pcmap.place.naver.com/restaurant/12833898/review/visitor#,,,,,,,,,,
238,청학루,https://pcmap.place.naver.com/restaurant/18587658/review/visitor#,,,,,,,,,,
239,(주)바른손베니건스 코엑스점,,,,,,,,,,,
240,(주)이목원 배나무골,,,,,,,,,,,
241,(주)삼양만나취영루,,,,,,,,,,,
242,대려도,https://pcmap.place.naver.com/restaurant/12008857/review/visitor#,,,,,,,,,,
243,(주)뉴후론티어산업 그릴에이치,,,,,,,,,,,
244,채운,https://pcmap.place.naver.com/restaurant/35637619/review/visitor#,,,,,,,,,,
245,(주)다연외식 현경,,,,,,,,,,,
246,(주)바른손 베니건스 테헤란로점,,,,,,,,,,,
247,가향,https://pcmap.place.naver.com/restaurant/36785528/review/visitor#,,,,,,,,,,
248,강가 선릉점,https://pcmap.place.naver.com/restaurant/12794575/review/visitor#,,,,,,,,,,
249,루안(아세아타워점),,,,,,,,,,,
250,칠룡성,https://pcmap.place.naver.com/restaurant/19439918/review/visitor#,,,,,,,,,,
251,아웃백스테이크하우스 서울대점,,,,,,,,,,,
252,만리장성,https://pcmap.place.naver.com/restaurant/32049541/review/visitor#,,,,,,,,,,
253,아리차이,https://pcmap.place.naver.com/restaurant/11704746/review/visitor#,,,,,,,,,,
254,라꼬미다데수다메리카,,,,,,,,,,,
255,China 唐(차이나당),,,,,,,,,,,
256,味차이,https://pcmap.place.naver.com/restaurant/1836121988/review/visitor#,,,,,,,,,,
257,천객가 수락산역점,,,,,,,,,,,
258,천지천(Chun Ji Chun),,,,,,,,,,,
259,더키친살바토레쿠오모압구정점,,,,,,,,,,,
260,젤렌,https://pcmap.place.naver.com/restaurant/1066843466/review/visitor#,,,,,,,,,,
261,남해일식,https://pcmap.place.naver.com/restaurant/1281211405/review/visitor#,,,,,,,,,,
262,(주)코코스정자점,,,,,,,,,,,
263,태국정통요리,https://pcmap.place.naver.com/restaurant/1316270372/review/visitor#,,,,,,,,,,
264,아모제마르쉐분당점,,,,,,,,,,,
265,코코마리,https://pcmap.place.naver.com/restaurant/1314330974/review/visitor#,,,,,,,,,,
266,만다린,https://pcmap.place.naver.com/restaurant/32096312/review/visitor#,,,,,,,,,,
267,탈리,https://pcmap.place.naver.com/restaurant/1906229241/review/visitor#,,,,,,,,,,
268,티지아이프라이분당점,,,,,,,,,,,
269,이향원,https://pcmap.place.naver.com/restaurant/18998005/review/visitor#,,,,,,,,,,
270,긴자인도레스토랑,https://pcmap.place.naver.com/restaurant/20601599/review/visitor#,,,,,,,,,,
271,윤쉐프의 짬뽕데이 산본점,https://pcmap.place.naver.com/restaurant/1327139745/review/visitor#,,,,,,,,,,
272,산동성,https://pcmap.place.naver.com/restaurant/19542202/review/visitor#,,,,,,,,,,
273,아웃백스테이크하우스 상동점,https://pcmap.place.naver.com/restaurant/11849008/review/visitor#,,,,,,,,,,
274,안나프르나,https://pcmap.place.naver.com/restaurant/11836076/review/visitor#,,,,,,,,,,
275,북경,https://pcmap.place.naver.com/restaurant/33704700/review/visitor#,,,,,,,,,,
276,아향,https://pcmap.place.naver.com/restaurant/1323552296/review/visitor#,,,,,,,,,,
277,아웃백스테이크하우스 천호점,https://pcmap.place.naver.com/restaurant/11621117/review/visitor#,,,,,,,,,,
278,베이징스토리,https://pcmap.place.naver.com/restaurant/1432906783/review/visitor#,,,,,,,,,,
279,김김밥밥본점,https://pcmap.place.naver.com/restaurant/1778434716/review/visitor#,,,,,,,,,,
280,가야마루,https://pcmap.place.naver.com/restaurant/34616041/review/visitor#,,,,,,,,,,
281,진흥관,https://pcmap.place.naver.com/restaurant/526374123/review/visitor#,,,,,,,,,,
282,거구장,https://pcmap.place.naver.com/restaurant/1213745867/review/visitor#,,,,,,,,,,
283,신라회관,https://pcmap.place.naver.com/restaurant/18320985/review/visitor#,,,,,,,,,,
284,베르사이유레스토랑,,,,,,,,,,,
285,데테라스,https://pcmap.place.naver.com/restaurant/11678781/review/visitor#,,,,,,,,,,
286,녹원,https://pcmap.place.naver.com/restaurant/1603975862/review/visitor#,,,,,,,,,,
287,궁전가든,https://pcmap.place.naver.com/restaurant/34043642/review/visitor#,,,,,,,,,,
288,향옥정,https://pcmap.place.naver.com/restaurant/1473401810/review/visitor#,,,,,,,,,,
289,수손짜장,https://pcmap.place.naver.com/restaurant/13390144/review/visitor#,,,,,,,,,,
290,갑오삼계탕,https://pcmap.place.naver.com/restaurant/21582430/review/visitor#,,,,,,,,,,
291,의령소바,https://pcmap.place.naver.com/restaurant/1555694051/review/visitor#,,,,,,,,,,
292,(주)초마김해점,,,,,,,,,,,
293,파라다이스 뷔페,https://pcmap.place.naver.com/restaurant/174115160/review/visitor#,,,,,,,,,,
294,태화장,https://pcmap.place.naver.com/restaurant/18176454/review/visitor#,,,,,,,,,,
295,차오차오,https://pcmap.place.naver.com/restaurant/1654751108/review/visitor#,,,,,,,,,,
296,아향,https://pcmap.place.naver.com/restaurant/1323552296/review/visitor#,,,,,,,,,,
297,(주)풍성한고을,,,,,,,,,,,
298,경포장장어구이,https://pcmap.place.naver.com/restaurant/11576010/review/visitor#,,,,,,,,,,
299,비룡,https://pcmap.place.naver.com/restaurant/36630759/review/visitor#,,,,,,,,,,
300,룽타우객잔,https://pcmap.place.naver.com/restaurant/21204935/review/visitor#,,,,,,,,,,
301,전성환의 옛날손짜장,,,,,,,,,,,
302,친친,https://pcmap.place.naver.com/restaurant/19873296/review/visitor#,,,,,,,,,,
303,신촌식당,,,,,,,,,,,
304,뽕사부 구로점(중국식),,,,,,,,,,,
305,혜혜패스트푸드(중국식),,,,,,,,,,,
306,만다린그랜드머큐어,https://pcmap.place.naver.com/restaurant/35928617/review/visitor#,,,,,,,,,,
